﻿Designator,Footprint,Quantity,Value,LCSC Part #
BT1,BatteryHolder_Keystone_3034_1x20mm,1,Battery_Cell,
C1,CP_Radial_D8.0mm_P5.00mm,1,C,
"D2, D5, LED7",LED_D5.0mm,3,LED,
D3,LED_D5.0mm,1,LED3,
D4,LED_D5.0mm,1,LED4,
D6,LED_D5.0mm,1,LED6,
M1,PinHeader_1x02_P2.54mm_Vertical,1,Motor_DC,
"Q1, Q2, Q3, Q4, Q5, Q6, Q7",TO-92L_HandSolder,7,2N3904,
"R1, R11, R12, R14, R15, R17, R18, R19, R2, R20, R5, R6, R8, R9",R_Axial_DIN0207_L6.3mm_D2.5mm_P7.62mm_Horizontal,14,R,
"R10, R13, R16, R3, R4, R7",R_Axial_DIN0207_L6.3mm_D2.5mm_P7.62mm_Horizontal,6,R_45deg,
"SW2, SW3, SW4, SW5, SW6, SW7, SW8",SW_PUSH_6mm,7,SW_Push,
